"TORDENFILM AS - ""VALKYRIEN""",,,,DO NOT EDIT! LOCKED DOCUMENT
Dialogue list of Valkyrien_SE01EP08_h264_TC_20161219,,,,
TC START 10:00:00:00 = 08:00:00:00,,,,

TC IN,TC OUT,Rolle,Character,NORSK,ENGLISH
08:00:18:21,,Else,Else,Jeg er fullstendig klar over at tålmodigheten deres er tøyet til det lengste.,I am fully aware that your patience is stretched to the limit.,,,,,,,,,,,,,,,,,,,,
08:00:24:08,,Else,Else,Men jeg kan forsikre dere om at de siste 72 timene har vi jobbet på spreng med å finne feilen og få rettet opp i det.,But I can assure you that for the last 72 hours we have been working hard to find the fault and rectify it.,,,,,,,,,,,,,,,,,,,,
08:00:31:16,,Journalist #1,Journalist #1,Men beredskapsetaten må jo hatt en beredskapsplan?,But doesn't the Emergency Planning Agency have an emergency plan?,,,,,,,,,,,,,,,,,,,,
08:00:34:20,,Journalist #1,Journalist #1,Har dere kontroll på situasjonen?,Have you got control of the situation?,,,,,,,,,,,,,,,,,,,,
08:00:36:22,,Else,Else,"Vi har kontroll på noen deler av situasjonen, men det ville vært en overdrivelse og si at vi har total kontroll nå.","We have control of some parts of the situation, but it would be an exaggeration to say that we have total control now.",,,,,,,,,,,,,,,,,,,,
08:00:43:07,,Mann i mengden #1,Man in crowd #1,Når får vi strømmen tilbake da?,When do we get the electricity back?,,,,,,,,,,,,,,,,,,,,
08:00:44:18,,Else,Else,"Det er veldig, veldig vanskelig å angi noe tidshorisont. Delevis på grunn av en svikt i et av datasystemene. ","It's very, very difficult to specify a timeframe.  Partly because of a failure in the computer systems.",,,,,,,,,,,,,,,,,,,,
08:00:50:22,,Journalist #2,Journalist #2,Hva slags svikt da?,What kind of failure? ,,,,,,,,,,,,,,,,,,,,
08:00:52:04,,Else,Else,"En bug, eller virus.",A bug or a virus.,,,,,,,,,,,,,,,,,,,,
08:00:53:22,,Kvinne i mengden #1,Woman in crowd #1,Det her er for dårlig!,This is just not good enough!,,,,,,,,,,,,,,,,,,,,
08:00:55:04,,Else,Else,Nå skal du høre at...,"Now, you'll hear from...",,,,,,,,,,,,,,,,,,,,
08:00:56:07,,Mann i mengden #2,Man in crowd #2,"Ta ansvar, tre av!",Take some responsibiltiy! Resign!,,,,,,,,,,,,,,,,,,,,
08:00:57:18,,Else,Else,Her har vi en mann som kanskje vet noe mer om dette. ,We have a man here who may know something more about this.,,,,,,,,,,,,,,,,,,,,
08:01:01:06,,Else,Else,"Leif Lien, vår tekniske sjef. Det er strengt talt hans område mye av dette, så Leif kanskje du kan si litt om hva du har foretatt deg?","Leif Lien, our technical manager. Strictly speaking, this is his area of expertise. Leif maybe you could tell us a little about what you have been doing?",,,,,,,,,,,,,,,,,,,,
08:01:14:08,,Leif,Leif,Jepp.,Yep.,,,,,,,,,,,,,,,,,,,,
08:01:17:20,,Leif,Leif,"Ja, Else, eh..","Yes, Else.",,,,,,,,,,,,,,,,,,,,
08:01:20:00,,Mann i mengden #3,Man in crowd #3,Kan du snakke høyere!,Speak up!,,,,,,,,,,,,,,,,,,,,
08:01:21:03,,Leif,Leif,I flere år..,For several years...,,,,,,,,,,,,,,,,,,,,
08:01:21:16,,Mann i mengden #4,Man in crowd #4,Hører ikke hva du sier!,Can't hear what you're saying!,,,,,,,,,,,,,,,,,,,,
08:01:22:07,,Kvinne i mengden #2,Woman in crowd #2,Hører ikke. ,Can't hear you!,,,,,,,,,,,,,,,,,,,,
08:01:23:10,,Leif,Leif,I flere år!,For several years...,,,,,,,,,,,,,,,,,,,,
08:01:24:10,,Leif,Leif,"Så har jeg rapportert til deg, og forgjengerene dine. Om manglende beredskap nettopp ved strømbrudd.","I have reported to you, and your predecessors. About lack the of a contingency plan, precisely regarding power outages.",,,,,,,,,,,,,,,,,,,,
08:01:32:00,,Leif,Leif,"Jeg har bedt om midler, til å sikre byen. ",I have asked for funding for city security.,,,,,,,,,,,,,,,,,,,,
08:01:34:18,,Leif,Leif,Men det har ikke blitt tatt på alvor.,But this has not been taken seriously.,,,,,,,,,,,,,,,,,,,,
08:01:38:19,,Leif,Leif,"Og nå står vi i en situasjon, der vi har mistet all kontroll.",And now we are in a situation where we have lost all control.,,,,,,,,,,,,,,,,,,,,
08:01:42:00,,Leif,Leif,Takk..,Thank you...,,,,,,,,,,,,,,,,,,,,
08:01:42:18,,Journalist #3,Journalist #3,"Men...men hva er situasjonen da, slik du ser det?","What is the situation then, as you see it?",,,,,,,,,,,,,,,,,,,,
08:01:54:00,,Leif,Leif,"Byen er i unntakstilstand, og det kommer til å bli verre.","The city is in a state of emergency, and it's going to get worse.",,,,,,,,,,,,,,,,,,,,
08:01:59:00,,Leif,Leif,"Nettopp nå, så knela siste rest av nødnettet.",Right now the last of the emergency network is on it's knees.,,,,,,,,,,,,,,,,,,,,
08:02:04:04,,Leif,Leif,Mobilnett og bredbånd har jo vært nede i to døgn allerede.,Mobile networks and broadband have been down for two days already.,,,,,,,,,,,,,,,,,,,,
08:02:08:01,,Leif,Leif,Så nå er alt dødt.,So now everything is dead...,,,,,,,,,,,,,,,,,,,,
08:02:09:11,,Leif,Leif,"Det gjør det nærmest umulig å identifisere dette problemet, og gjenopprette strømforsyningen.",This makes it virtually impossible to identify the problem and restore the power supply.,,,,,,,,,,,,,,,,,,,,
08:02:14:10,,Leif,Leif,"Neste som tar kvelden nå, er vann og avløp.","Next to go, will be the water and sewage.",,,,,,,,,,,,,,,,,,,,
08:02:17:02,,Leif,Leif,Det får vi ikke rensa lenger.,We won't be able to clean it any longer. ,,,,,,,,,,,,,,,,,,,,
08:02:18:18,,Leif,Leif,"Vi har akkutt mangel på drivstoff, det er selvfølgelig full stopp for fly, tog, bane. Det er minus tolv, det er meldt snø, brøytekapasiteten er lik null. Utfartsveiene blir uframkommelige, forsyninger fra resten av landet kommer ikke frem.","We have an acute shortage of fuel, the planes, trains, and the metro will of course stop running. It is minus twelve, snow is forecast and plowing capacity is zero. Motorways are impassable, supplies from the rest of the country will not getting through.",,,,,,,,,,,,,,,,,,,,
08:02:34:18,,Leif,Leif,"Det kommer til å skape mer frykt, mer panikk.","It's going to create more fear, more panic.",,,,,,,,,,,,,,,,,,,,
08:02.40:15,,Leif,Leif,"Det vi kan forvente oss nå er, plyndring, ran, drap og opptøyer. ","What we can expect now is, looting, robbery, murder and rioting.",,,,,,,,,,,,,,,,,,,,
08:02:50:05,,Leif,Leif,"Og i natt kommer folk til å bli redde, med god grunn.","And tonight people will be afraid, and with good reason.",,,,,,,,,,,,,,,,,,,,
,,,,,,,,,,,,,,,,,,,,,,,,,
08:03:53:00,,Vilma ,Vilma ,Det føles som at jeg har kommet lengre de tre siste dagene enn på ti år.,It feels like I've come further in the last three days than in ten years.,,,,,,,,,,,,,,,,,,,,
08:03:58:13,,Vilma ,Vilma ,"Så det jeg håper nå, er at Ravns forsøk kan bekrefte det jeg har funnet.","What I hope, is that Raven's research can confirm what I have found.",,,,,,,,,,,,,,,,,,,,
08:04:03:04,,Vilma ,Vilma ,For det vil gi meg sterk indikasjon.,And it will give me a strong indication.,,,,,,,,,,,,,,,,,,,,
,,,,,,,,,,,,,,,,,,,,,,,,,
08:04:06:02,,Folk i korridor ,People in hallway,Er det mulig å få noe hjelp her eller? Hallo!,We need some help over here! Hello!,,,,,,,,,,,,,,,,,,,,
08:04:12:05,,Ravn,Ravn,Skal jeg bare få lov til å så lytte littegrann på deg jeg. ,Let me just have a little listen here. ,,,,,,,,,,,,,,,,,,,,
08:04:15:16,,Unn,Unn,Kan du pust? Nå hjelper denne deg å puste. ,Can you breathe? This will help you breath. ,,,,,,,,,,,,,,,,,,,,
08:04:19:04,,Unn,Unn,Bente?!,Bente?!,,,,,,,,,,,,,,,,,,,,
08:04:20:01,,Ravn,Ravn,"...og så pledd, så skal jeg se om vi kan finne et ordentlig sted vi kan få lagt..","...blanket, then I'll see if we can find you a proper place...",,,,,,,,,,,,,,,,,,,,
08:04:23:01,,Unn,Unn,"Jo, men et lårhalsbrudd må få prioritet.","Yes, but a hip fracture must have priority. ",,,,,,,,,,,,,,,,,,,,
08:04:24:15,,Overlege,Doctor,"Altså, kun livstruende skader som får strøm nå.",Only life-threatening injuries get the power now.,,,,,,,,,,,,,,,,,,,,
,,,,,,,,,,,,,,,,,,,,,,,,,
08:04:30:07,,Teo skriver,Teo writing,Kjære Marit. Jeg vet det ikke...,Dearest Marit. I know it's not...,,,,,,,,,,,,,,,,,,,,
08:04:43:00,,Teo,Teo,Hei..,Hi...,,,,,,,,,,,,,,,,,,,,
08:04:47:23,,Teo,Teo,Jeg trodde jeg hadde forsøksforbud jeg?,I thought I wasn't allowed visitors?,,,,,,,,,,,,,,,,,,,,
08:04:56:12,,Teo,Teo,Nei kom igjen 'a.,No come on,,,,,,,,,,,,,,,,,,,,
08:04:59:06,,Teo,Teo,"Vær så snill, da!",Please!,,,,,,,,,,,,,,,,,,,,
08:05:08:09,,Sjefsraner,Chief robber,Si au.,"Say ""Ow!""",,,,,,,,,,,,,,,,,,,,
08:05:19:10,,Sjefsraner,Chief robber,Her er greia.,Here's the deal.,,,,,,,,,,,,,,,,,,,,
08:05:21:05,,Sjefsraner,Chief robber,"Siden strømmen gikk, så er det kun ett aggeregat som holder dørene her låst.","Since the power went, there is only one generator that keeps the doors locked here.",,,,,,,,,,,,,,,,,,,,
08:05:26:01,,Sjefsraner,Chief robber,"Hvis det ryker, så åpnes alle cellene samtidig. Det aggregatet står i fyrrommet.","If it breaks down, then all the cells will open simultaneously. The generator is in the boiler room...",,,,,,,,,,,,,,,,,,,,
08:05:32:08,,Sjefsraner,Chief robber,"Vi skal ut der, og det skjer i morgen.",We're getting out tomorrow.,,,,,,,,,,,,,,,,,,,,
08:05:35:05,,Sjefsraner,Chief robber,Du skal hjelpe oss.,You will help us.,,,,,,,,,,,,,,,,,,,,
08:05:36:22,,Teo,Teo,Jeg?,Me?,,,,,,,,,,,,,,,,,,,,
08:05:38:22,,Teo,Teo,Hvordan skal jeg..,How will I...,,,,,,,,,,,,,,,,,,,,
08:05:41:15,,Teo,Teo,"Nei.. jeg kan ikke, sorry.","No... I can't, sorry.",,,,,,,,,,,,,,,,,,,,
08:05:45:22,,Sjefsraner,Chief robber,Jeg hører du skal bli pappa.,I heard you are going to become a dad.,,,,,,,,,,,,,,,,,,,,
08:05:50:01,,Sjefsraner,Chief robber,"Hvis du nekter, så er jeg den første som besøker ungen din.",If you refuse then I will be the first to visit your child.,,,,,,,,,,,,,,,,,,,,
08:05:54:08,,Sjefsraner,Chief robber,Skjønner du?,Do you understand?,,,,,,,,,,,,,,,,,,,,
,,,,,,,,,,,,,,,,,,,,,,,,,
08:06:05:04,,Ravn,Ravn,Vilma?,Vilma?,,,,,,,,,,,,,,,,,,,,
08:06:06:14,,Ravn,Ravn,"Jeg må snart ned igjen jeg, til akutten.",I have to get down to the emergency room again soon.,,,,,,,,,,,,,,,,,,,,
08:06:09:23,,Ravn,Ravn,Du?,Hey?,,,,,,,,,,,,,,,,,,,,
08:06:11:03,,Ravn,Ravn,Går det bra med deg?,Are you ok?,,,,,,,,,,,,,,,,,,,,
08:06:14:09,,Vilma ,Vilma ,Jeg kommer ikke videre uten dine resultater.,I can't go any further without your results.,,,,,,,,,,,,,,,,,,,,
08:06:17:06,,Ravn,Ravn,Åh?,Oh?,,,,,,,,,,,,,,,,,,,,
08:06:18:09,,Ravn,Ravn,Jeg trodde forskningen min var helt ubrukelig jeg.,I thought my research was completely useless.,,,,,,,,,,,,,,,,,,,,
08:06:22:09,,Vilma ,Vilma ,"Usammenhengende, uprofesjonell, uetisk. Men du fikk meg ut av koma.","Disjointed, unprofessional, unethical. But you got me out of a coma.",,,,,,,,,,,,,,,,,,,,
08:06:30:02,,Vilma ,Vilma ,"Og klinisk sett, så burde jo det være helt umulig.",And clinically it should have been absolutely impossible.,,,,,,,,,,,,,,,,,,,,
08:06:36:09,,Vilma ,Vilma ,Takk.,Thank you.,,,,,,,,,,,,,,,,,,,,
08:06:45:09,,Vilma ,Vilma ,"Bakteriofagene mine bekjempet infeksjonen, men deødela nervene. Kuren din, reparerte skadene og stimulerte til ny vekst.","My bacteriophages fought the infection, but destroyed the nerves. Your cure repaired the damage and stimulated new growth.",,,,,,,,,,,,,,,,,,,,
08:06:54:17,,Vilma ,Vilma ,"Jeg kjenner at det er noe som er annerledes inni meg, Ravn.","I feel that there is something different inside me, Raven. ",,,,,,,,,,,,,,,,,,,,
08:06:58:07,,Vilma ,Vilma ,Vi har skapt noe fint og verdifult sammen. ,We have created something good and valuable together.,,,,,,,,,,,,,,,,,,,,
08:07:02:15,,Vilma ,Vilma ,"Hvis jeg kan bruke det som har skjedd med meg til å utvikle noe som kan redde tusenvis av liv, kanskje millioner. ","If I can use what happened to me to develop something that could save thousands of lives, perhaps millions.",,,,,,,,,,,,,,,,,,,,
06:07:11:05,,Vilma ,Vilma ,"Noe som vil leve lenge etter oss, og som kan gi mening til alt det du ha måttet gjøre for meg.","Something that will live long after us, and which can give meaning to everything that you have had to do for me.",,,,,,,,,,,,,,,,,,,,
06:07:19:18,,Vilma ,Vilma ,Hadde ikke det vært fint?,Wouldn't that be great?,,,,,,,,,,,,,,,,,,,,
,,,,,,,,,,,,,,,,,,,,,,,,,
08:08:18:03,,Leif,Leif,"Og det ble kveld, og det ble morgen tredje dag.","And there was evening, and there was morning, a third day.",,,,,,,,,,,,,,,,,,,,
08:08:22:19,,Leif,Leif,"Men lyst, det ble det ikke.","But light, it was not.",,,,,,,,,,,,,,,,,,,,
08:08:29:09,,Leif,Leif,Lå et mørke over sju...,A darkness lay over the seven... ,,,,,,,,,,,,,,,,,,,,
08:08:41:11,,Ravn,Ravn,Hei?,Hi?,,,,,,,,,,,,,,,,,,,,
08:08:46:13,,Ravn,Ravn,Hva skjer?,What's happening?,,,,,,,,,,,,,,,,,,,,
08:08:48:23,,Leif,Leif,"Sitter og spiser da, hva gjør du her?","Sitting down to eat, what are you doing here?",,,,,,,,,,,,,,,,,,,,
08:08:52:17,,Ravn,Ravn,Jeg skal hente forskningen min.,I've come to get my research.,,,,,,,,,,,,,,,,,,,,
08:08:55:20,,Leif,Leif,Det er ikke noe her nede som er ditt lenger nå.,"Nothing down here is yours, any longer.",,,,,,,,,,,,,,,,,,,,
08:08:57:21,,Ravn,Ravn,"Nei, det meste som er her nede har vel du og jeg strengt talt stjålet fra sykehuset.","No, strictly speaking, most of what's down here, you and I stole from the hospital.",,,,,,,,,,,,,,,,,,,,
08:09:02:16,,Leif,Leif,"Ja du er der du, du er på sykehuset du nå.","Yes, you're there, you're at the hospital now.",,,,,,,,,,,,,,,,,,,,
08:09:05:23,,Leif,Leif,De har vel strøm óg de så det er vel veldig greit.,"They must have power, so everything's ok.",,,,,,,,,,,,,,,,,,,,
08:09:09:23,,Leif,Leif,Rett tilbake til systemet.,Right back to the system.,,,,,,,,,,,,,,,,,,,,
08:09:11:21,,Leif,Leif,Skal du gi de forskningen din og eller? Kjøre på.,Will you give them your research too?,,,,,,,,,,,,,,,,,,,,
08:09:15:06,,Ravn,Ravn,"Har du tatt det, Leif?","Have you taken it, Leif?",,,,,,,,,,,,,,,,,,,,
08:09:17:03,,Leif,Leif,Hæ?,What?,,,,,,,,,,,,,,,,,,,,
08:09:17:24,,Ravn,Ravn,"Ja, alt det som var i frysern, det som hang på veggen der. Er det du som har tatt det?","Yes, everything that was in the freezer, and that was hanging on the wall there. Have you taken it?",,,,,,,,,,,,,,,,,,,,
08:09:21:21,,Leif,Leif,Jeg har ikke tatt det.,I haven't taken it.,,,,,,,,,,,,,,,,,,,,
08:09:23:13,,Ravn,Ravn,"Hvem andre har vært her nede, da?",Who else has been down here then?,,,,,,,,,,,,,,,,,,,,
08:09:27:11,,Leif,Leif,Har vært stengt her nede siden du stakk.,It's been closed down here since you left.,,,,,,,,,,,,,,,,,,,,
08:09:29:23,,Leif,Leif,Er bare meg her nå.,It's just me here now.,,,,,,,,,,,,,,,,,,,,
08:09:36:05,,Ravn,Ravn,Sitter du bare her nede mutters alene?,You're just sitting down here all by yourself?,,,,,,,,,,,,,,,,,,,,
08:09:40:11,,Leif,Leif,Er du sulten eller?,Are you hungry?,,,,,,,,,,,,,,,,,,,,
08:09:44:06,,Ravn,Ravn,"Nei, takk. ","No, thanks.",,,,,,,,,,,,,,,,,,,,
08:09:46:01,,Leif,Leif,"Nei, for jeg har mat og varme så det holder en stund her jeg. Så..","No, I have food and warmth so I'll hold out for a while. So..",,,,,,,,,,,,,,,,,,,,
08:09:51:08,,Ravn,Ravn,Ja jeg ser det.,Yes I see that.,,,,,,,,,,,,,,,,,,,,
08:09.53:13,,Ravn,Ravn,"Men, er sikkert mange andre der ute som er sultne og som fryser, så du burde åpne her og la folk få komme inn.","But, there are definitely many others out there who are starving and freezing, so you should open up here and let people come in.",,,,,,,,,,,,,,,,,,,,
08:09:59:15,,Leif,Leif,"Ja, burde sikkert gjort det.",Yes I should definitley do that.,,,,,,,,,,,,,,,,,,,,
08:10:01:06,,Ravn,Ravn,"Er ikke alle som klarer seg selv, Leif.","Not everyone can manage by themselves, Leif.",,,,,,,,,,,,,,,,,,,,
08:10:02:13,,Leif,Leif,"Nei, er ikke det.","No, they can't. ",,,,,,,,,,,,,,,,,,,,
08:10:03:23,,Ravn,Ravn,Broren din da? Familien hans?,Your brother? His family?,,,,,,,,,,,,,,,,,,,,
08:10:06:06,,Ravn,Ravn,Kan du ikke hjelpe han?,Can't you help him?,,,,,,,,,,,,,,,,,,,,
08:10:09:05,,Leif,Leif,"Jeg hjelper folk her og nå jeg, as we speak så gjør jeg det.","I'm helping people here and now, as we speak.",,,,,,,,,,,,,,,,,,,,
08:10:13:05,,Leif,Leif,Og broren min han har blitt advart.,"And my brother, he has been warned.",,,,,,,,,,,,,,,,,,,,
08:10:18:02,,Ravn,Ravn,Hva vet du om alt dette som foregår egentlig?,What do you actually know about everything that's going on?,,,,,,,,,,,,,,,,,,,,
08:10:20:14,,Ravn,Ravn,Om strømbruddet.,About the power failure.,,,,,,,,,,,,,,,,,,,,
08:10:23:06,,Ravn,Ravn,Har du noe med det å gjøre?,Do you have anything to do with it?,,,,,,,,,,,,,,,,,,,,
08:10:24:23,,Leif,Leif,Om jeg har noe med det å gjøre?,If I have anything to do with it?,,,,,,,,,,,,,,,,,,,,
08:10:26:10,,Ravn,Ravn,"Ja, for du kan jo mye om sånt. Du jobber med det, du snakker om det ofte.","Yes, because you know a lot about this stuff. You work with it, you talk about it often.",,,,,,,,,,,,,,,,,,,,
08:10:31:13,,Ravn,Ravn,Og du har tilgang til alle mulige steder her i byen.,And you have access to all sorts of places here in town.,,,,,,,,,,,,,,,,,,,,
08:10:33:17,,Leif,Leif,"Ja, du mener at en person helt alene...","Yes, you mean that, one person completely alone...",,,,,,,,,,,,,,,,,,,,
08:10:40:10,,Leif,Leif,..at lille meg skulle være i stand til å kutte strømforsyningen til én million innbyggere.,...that little old me would be able to cut the power supply to one million inhabitants.,,,,,,,,,,,,,,,,,,,,
08:10:45:11,,Ravn,Ravn,"Jeg vet ærlig talt ikke hva du er i stand til lenger jeg Leif, men har du hatt noe med dette her å gjøre?","I honestly don't know what you are capable of any longer Leif, but have you had anything to do with any of this?",,,,,,,,,,,,,,,,,,,,
08:10:52:06,,Leif,Leif,"Du har gjort dine valg, og jeg har gjort mine valg. Og det må være greit","You've made your choice, and I have made my choice. And we have to accept that.",,,,,,,,,,,,,,,,,,,,
08:10:58:16,,Leif,Leif,"Nå gir du meg de nøklene, så er vi ferdig her. Så er vi ferdig.","Now give me the keys, then we are finished here. Then we are finished.",,,,,,,,,,,,,,,,,,,,
08:11:02:22,,Ravn,Ravn,Nå går jeg til politiet.,I'll go to the police.,,,,,,,,,,,,,,,,,,,,
08:11:05:04,,Leif,Leif,"Lyst til å bli satt i fengsel selv, eller?",You want to go to prison?,,,,,,,,,,,,,,,,,,,,
08:11:10:01,,Leif,Leif,Lyst til det?,Do you?,,,,,,,,,,,,,,,,,,,,
08:11:11:24,,Leif,Leif,Ingen skal få vite hva vi har gjort her nede!,No one is going find out what we have been doing down here!,,,,,,,,,,,,,,,,,,,,
,,,,,,,,,,,,,,,,,,,,,,,,,
08:11:30:06,,Siv ,Siv ,"Se her, se på den Radka.","Look here, look at this Radka.",,,,,,,,,,,,,,,,,,,,
08:12:06:07,,Kvinne i bil,Woman in car,"Hei, det der ser tungt ut. Vil du sitte på?","Hey, that looks heavy. Do you want a ride?",,,,,,,,,,,,,,,,,,,,
08:12:11:20,,Siv ,Siv ,"Nei takk, det går fint. Jeg skal ikke så langt.","No thanks, it's fine. I'm not going that far.",,,,,,,,,,,,,,,,,,,,
08:12:15:10,,Kvinne i bil,Woman in car,"Jeg vet ikke hvor mye bensin jeg har igjen, men sett deg inn nå så ser vi hvor langt vi kommer.","I don't know how much petrol I have left, but get in now and we'll see how far we get.",,,,,,,,,,,,,,,,,,,,
08:12:27:00,,Siv ,Siv ,Et lite stykke kanskje.,For a short distance perhaps.,,,,,,,,,,,,,,,,,,,,
08:12:31:17,,Siv ,Siv ,"Nei hei, hallo.",No. Hi! Hello!,,,,,,,,,,,,,,,,,,,,
08:12:36:06,,Siv ,Siv ,Så søt du var da.,You're so cute.,,,,,,,,,,,,,,,,,,,,
08:12:37:17,,Siv ,Siv ,Hva er det hun heter for noe?,What's her name?,,,,,,,,,,,,,,,,,,,,
08:12:38:20,,Kvinne i bil,Woman in car,Kaja.,Kaya.,,,,,,,,,,,,,,,,,,,,
08:12:39:16,,Siv ,Siv ,Kaja.,Kaya.,,,,,,,,,,,,,,,,,,,,
08:12:40:11,,Kvinne i bil,Woman in car,Ja hun liker seg her i bilen hvor det er varmt.,Yes she likes it here in the car where it's warm.,,,,,,,,,,,,,,,,,,,,
08:12:44:09,,Siv ,Siv ,"Kom da Radka, hopp inn. ","Come on Radka, jump in. ",,,,,,,,,,,,,,,,,,,,
08:12:46:18,,Kvinne i bil,Woman in car,Sett deg inn foran du.,Get in the front.,,,,,,,,,,,,,,,,,,,,
08:12:47:21,,Siv ,Siv ,Ja..,Yes.,,,,,,,,,,,,,,,,,,,,
08:12:53:04,,Siv ,Siv ,"Nei.. Hei, Hallo! Vent! ",No.. Hey! Hello! Wait!,,,,,,,,,,,,,,,,,,,,
08:12:54:16,,Siv ,Siv ,Radka! Stopp! Vent! ,Radka! Stop! Wait!,,,,,,,,,,,,,,,,,,,,
08:12:59:22,,Siv ,Siv ,Radka! ,Radka!,,,,,,,,,,,,,,,,,,,,
08:13:03:13,,Siv ,Siv ,Vent!,Wait!,,,,,,,,,,,,,,,,,,,,
,,,,,,,,,,,,,,,,,,,,,,,,,
,,,,,,,,,,,,,,,,,,,,,,,,,
08:13:15:15,,Grethe,Grethe,"Jeg skal kjempe for at vi får beholde strømmen så lenge som mulig her inne, Vilma.","I will fight for us to keep the power here for as long as possible, Vilma.",,,,,,,,,,,,,,,,,,,,
08:13:19:16,,Grethe,Grethe,Til slutt så blir det kanskje en kamp mellom oss og akutten.,In the end it might be a battle between us and the emergency room.,,,,,,,,,,,,,,,,,,,,
08:13:22:15,,Ravn,Ravn,Hei.,Hi.,,,,,,,,,,,,,,,,,,,,
08:13:26:00,,Vilma ,Vilma ,Hei.,Hi.,,,,,,,,,,,,,,,,,,,,
08:13:27:10,,Ravn,Ravn,"Det er borte, det er ikke der lenger.","It's gone, it's not there anymore ...",,,,,,,,,,,,,,,,,,,,
08:13:30:13,,Grethe,Grethe,Er all forskningen din borte?,Is all your research gone?,,,,,,,,,,,,,,,,,,,,
08:13:33:18,,Grethe,Grethe,"Jojo, men du har vel en backup?",Yes but you've got a back-up?,,,,,,,,,,,,,,,,,,,,
08.13:35:17,,Ravn,Ravn,Nei.,No.,,,,,,,,,,,,,,,,,,,,
08:13:36:17,,Grethe,Grethe,Nei? ,No?,,,,,,,,,,,,,,,,,,,,
08:13:37:05,,Ravn,Ravn,"Jeg er lei for det Vilma, men..","I'm sorry about that Vilma, but...",,,,,,,,,,,,,,,,,,,,
08:13:38:04,,Grethe,Grethe,"Men sånne ting kan ikke bare bli borte, Ravn.","But things like that cannot just disappear, Ravn.",,,,,,,,,,,,,,,,,,,,
08:13:40:12,,Grethe,Grethe,Altså vi har bruk for de resultatene.,We need the results!,,,,,,,,,,,,,,,,,,,,
08:13:42:02,,Ravn,Ravn,"Ja jeg skjønner det jeg også, men de er borte sier jeg.","Yes I realize that too, but they're gone.",,,,,,,,,,,,,,,,,,,,
08:13.44:11,,Grethe,Grethe,"Nei, hvorfor i all verden arbeider du på en sånn måte?","No, why in the world do you work in such a way?!",,,,,,,,,,,,,,,,,,,,
08:13:46:05,,Ravn,Ravn,"Sånn er det bare, det er borte!","That's just how it is, it's gone!",,,,,,,,,,,,,,,,,,,,
08:13:47:05,,Grethe,Grethe,Jeg synes det er veldig merkelig!,I find it very peculiar.,,,,,,,,,,,,,,,,,,,,
08:13:48:03,,Ravn,Ravn,Jeg kan ikke trylle heller.,I can't conjure it up!,,,,,,,,,,,,,,,,,,,,
08:13:49:09,,Vilma ,Vilma ,Hold kjeft da.,Shut up!,,,,,,,,,,,,,,,,,,,,
08:13:53:20,,Vilma ,Vilma ,Kan du vær så snill å gå ut litt Grethe.,Can you please step out for a little while Grethe.,,,,,,,,,,,,,,,,,,,,
08:14:01:12,,Vilma ,Vilma ,"Ravn, uten forskningen din må du huske hva du gjorde.","Ravn, without your research, you're going have to remember what you did.",,,,,,,,,,,,,,,,,,,,
08:14:06:04,,Vilma ,Vilma ,Og hvordan.,And how.,,,,,,,,,,,,,,,,,,,,
08:14:07:05,,Ravn,Ravn,Altså det er et helt år med arbeid nesten i en form som er helt..,It's almost a full year of work in a form that is completely ..,,,,,,,,,,,,,,,,,,,,
08:14:09:22,,Vilma ,Vilma ,"Tenk at det er et alternativ til antibiotika, noe som dreper og bekjemper resistente bakterier. Hele verden venter på det.","Imagine that there is an alternative to antibiotics, which kills and fights resistant bacteria. The whole world is waiting for it.",,,,,,,,,,,,,,,,,,,,
08:14:17:20,,Vilma ,Vilma ,"Du må skrive det ned, alt sammen.","You must write it down, all of it.",,,,,,,,,,,,,,,,,,,,
08:15:46:12,,Ravn,Ravn,Stoler du på dem?,Do you trust them?,,,,,,,,,,,,,,,,,,,,
08:15:50:23,,Vilma ,Vilma ,Hva sa du?,What did you say?,,,,,,,,,,,,,,,,,,,,
08:15:52:03,,Ravn,Ravn,Stoler du på dem?,Do you trust them?,,,,,,,,,,,,,,,,,,,,
08:15:54:15,,Ravn,Ravn,"Corpus, Grethe.","Corpus, Grethe.",,,,,,,,,,,,,,,,,,,,
08:15:58:03,,Ravn,Ravn,"Det er et internasjonalt selskap, de er børsnotert og det de vil er å selge det du har i deg.","It is an international company, they are listed and what they want, is to sell what you have inside you.",,,,,,,,,,,,,,,,,,,,
08:16:05:18,,Vilma ,Vilma ,Hvilket valg hadde jeg Ravn?,What choice did I have Ravn?,,,,,,,,,,,,,,,,,,,,
08:16:07:19,,Vilma ,Vilma ,Corpus går god for hele historien vår om at  jeg var hos dem i Sveits hele tiden.,"Corpus can vouch for our story, that I was in Switzerland, with them, the whole time.",,,,,,,,,,,,,,,,,,,,
08:16:11:07,,Ravn,Ravn,Du skulle ha snakket med meg før du signerte.,You should have talked to me before you signed.,,,,,,,,,,,,,,,,,,,,
08:16:13:15,,Vilma ,Vilma ,Uten den avtalen ville du ha havnet i fengsel.,Without that agreement you would have ended up in prison.,,,,,,,,,,,,,,,,,,,,
08:16:15:16,,Ravn,Ravn,"Javel, så hadde jeg kanskje det da.","OK, maybe I would have.",,,,,,,,,,,,,,,,,,,,
08:16:17:04,,Ravn,Ravn,Men heller det enn å selge sjela mi nå etter alt det vi har vært igjennom. ,"But rather that, than sell my soul now, after everything we've been through.",,,,,,,,,,,,,,,,,,,,
08:16:22:17,,Vilma ,Vilma ,"Med dette, kan vi begynne helt på nytt.","With this, we can start all over again.",,,,,,,,,,,,,,,,,,,,
08:16:26:08,,Vilma ,Vilma ,Sammen.,Together.,,,,,,,,,,,,,,,,,,,,
08:16:28:15,,Vilma ,Vilma ,Hvis du hjelper meg.,If you help me.,,,,,,,,,,,,,,,,,,,,
08:16:38:06,,Vilma ,Vilma ,"Ravn, hva gjør du?","Ravn, what are you doing?!",,,,,,,,,,,,,,,,,,,,
08:16:39:06,,Ravn,Ravn,Det er ikke deg jeg hjelper ved å fylle denne tavla.,"It's not you I'm helping, by filling in this board.",,,,,,,,,,,,,,,,,,,,
08:16:42:03,,Ravn,Ravn,"Vi kan ikke basere et nytt liv sammen på en enda større løgn, det går ikke.",We cannot base a new life together on an even bigger lie - that doesn't work.,,,,,,,,,,,,,,,,,,,,
08:16:45:23,,Vilma ,Vilma ,Vi er jo så nære nå.,We're so close now.,,,,,,,,,,,,,,,,,,,,
08:16.47:04,,Ravn,Ravn,"Vilma, du og jeg kan gå ut gjennom den døra der sammen nå.","Vilma, you and I can go out that door together now.",,,,,,,,,,,,,,,,,,,,
08:16:50:13,,Vilma ,Vilma ,"Ravn, vær så snill.","Ravn, please.",,,,,,,,,,,,,,,,,,,,
08:16:51:10,,Ravn,Ravn,"Jeg tar gjerne straffen din, så lenge jeg har deg og Siv.","I'll happily take your sentence, as long as I have you and Siv.",,,,,,,,,,,,,,,,,,,,
08:16:55:13,,Ravn,Ravn,"Vi kan vende dette stedet her ryggen, vi har gjort det før.","We can turn our backs on this place, we've done it before.",,,,,,,,,,,,,,,,,,,,
08:16:57:12,,Vilma ,Vilma ,Men det er for sent.,But it's too late.,,,,,,,,,,,,,,,,,,,,
08:17:00:06,,Ravn,Ravn,Ikke hvis du blir med meg nå.,Not if you come with me now.,,,,,,,,,,,,,,,,,,,,
08:17:04:12,,Vilma ,Vilma ,Og hvis ikke?,And if I don't?,,,,,,,,,,,,,,,,,,,,
08:17:08:10,,Ravn,Ravn,Vilma?,Vilma?,,,,,,,,,,,,,,,,,,,,
,,,,,,,,,,,,,,,,,,,,,,,,,
08:17:45:18,,Unn,Unn,Ravn?,Ravn?,,,,,,,,,,,,,,,,,,,,
08:17:49:14,,Unn,Unn,"Hei, går det bra?","Hi, are you alright?",,,,,,,,,,,,,,,,,,,,
08:17:52:20,,Unn,Unn,Er det noe galt?,Is there something wrong?,,,,,,,,,,,,,,,,,,,,
08:17:55:00,,Ravn,Ravn,Det er over..,It's over.,,,,,,,,,,,,,,,,,,,,
08:17:56:09,,Ravn,Ravn,Vilma og meg. Det er over.,Me and Vilma. It's over.,,,,,,,,,,,,,,,,,,,,
08:17:58:23,,Ravn,Ravn,Hvordan går det her?,How's it going here?,,,,,,,,,,,,,,,,,,,,
08:18:01:03,,Unn,Unn,Det blir bare verre og verre.,It's just getting worse and worse.,,,,,,,,,,,,,,,,,,,,
08:18:06:02,,Ravn,Ravn,Hvor kan jeg begynne?,Where can I start?,,,,,,,,,,,,,,,,,,,,
08:18:07:10,,Unn,Unn,Jeg kan vise deg. ,I'll show you.,,,,,,,,,,,,,,,,,,,,
08:18:09:23,,Unn,Unn,Det er mye røykforgiftninger og brannskader.,There are a lot of smoke inhalation and burns injuries.,,,,,,,,,,,,,,,,,,,,
08:18:11:12,,Unn,Unn,Og en god del brudd.,And a lot of broken bones.,,,,,,,,,,,,,,,,,,,,
08:18:13:01,,Unn,Unn,"Hun der burde vært i røntgen, men får antagelig ikke.","She should have gone to X-ray, but that probably won't happen.",,,,,,,,,,,,,,,,,,,,
,,,,,,,,,,,,,,,,,,,,,,,,,
08:18:20:00,,Leif,Leif,"Den 13. juli 1977 klokka halv ni på kvelden, forsvant all strømmen i New York.","On 13 July 1977 at half past nine in the evening, all the power in New York  went out.",,,,,,,,,,,,,,,,,,,,
08:18:28:03,,Leif,Leif,Først etter 24 timer var den tilbake.,It was back on 24 hours later.,,,,,,,,,,,,,,,,,,,,
08:18:31:17,,Leif,Leif,Da hadde mer enn 1600 butikker blitt plyndra og satt fyr på.,"More than 1,600 stores were looted and set on fire.",,,,,,,,,,,,,,,,,,,,
08:18.37:20,,Leif,Leif,4500 mennesker hadde blitt arrestert og 550 politifolk blitt skada.,4500 people were arrested and 550 policepersonell were injured.,,,,,,,,,,,,,,,,,,,,
08:18:46:01,,Leif,Leif,"Den gang, som nå, var det finanskrise.","Then, as now, there was a financial crisis.",,,,,,,,,,,,,,,,,,,,
08:18:49:15,,Leif,Leif,"Folk var sinte, og så ble de redde.",People were angry and then they became afraid.,,,,,,,,,,,,,,,,,,,,
08:18:54:05,,Leif,Leif,For mørket og for hverandre.,Of the darkness and of eachother.,,,,,,,,,,,,,,,,,,,,
08:18:59:00,,Leif,Leif,Søndagen etterpå så en lokal prest utover forsamlingen sin og sa: Nå er vi uten Gud.,"The Sunday after, a local priest looked over his congregation and said: ""Now we are without God.""",,,,,,,,,,,,,,,,,,,,
,,,,,,,,,,,,,,,,,,,,,,,,,
08:19:12:00,,Ida,Ida,Leif?,Leif?,,,,,,,,,,,,,,,,,,,,
08:19:13:10,,Karsten,Karsten,Hei.,Hi.,,,,,,,,,,,,,,,,,,,,
08:19:15:05,,Leif,Leif,Hei.,Hi. ,,,,,,,,,,,,,,,,,,,,
08:19:16:14,,Karsten,Karsten,"Det her er Leif, broren min.",This is my brother Leif.,,,,,,,,,,,,,,,,,,,,
08:19:18:18,,Karsten,Karsten,Han jobber i kommunen.,He works for the City Council. ,,,,,,,,,,,,,,,,,,,,
08:19:23:10,,Ida,Ida,Hei.,Hi.,,,,,,,,,,,,,,,,,,,,
08:19:27:01,,Leif,Leif,"Da har jeg ett trygt sted til dere, det er ikke langt unna.","I have a safe place for you, it's not far away.",,,,,,,,,,,,,,,,,,,,
08:19:31:15,,Leif,Leif,"Der har dere alt som dere trenger for å klare dere lenge, hun óg.","There, you'll have everything you need to get by for a long time, for her too.",,,,,,,,,,,,,,,,,,,,
08:19:35:14,,Leif,Leif,"Og da har jeg forberedt alt, så bare bli med. Stille og rolig. Ikke noe oppmerksomhet på dette her nå. Så går det her helt fint.","I've prepared everything, so just stay calm and quiet. Don't bring attention to yourselves, here now. Then, it will go just fine.",,,,,,,,,,,,,,,,,,,,
08:19:41:12,,Ida,Ida,Det er utrolig snilt å tenke på oss da.,It's incredibly kind of you think of us.,,,,,,,,,,,,,,,,,,,,
08:19:44:22,,Karsten,Karsten,Er det her nedi ett av de bomberommene eller?,Is there one of the bomb shelters down here?,,,,,,,,,,,,,,,,,,,,
08:19.47:04,,Leif,Leif,"Bli med, så får du se.",Come with me and you'll see.,,,,,,,,,,,,,,,,,,,,
08:19:50:22,,Karsten,Karsten,"Takk, men vi har ikke noe behov for å gå under jorda.",Thanks but we have no need to go underground.,,,,,,,,,,,,,,,,,,,,
08:19:54:17,,Ida,Ida,Vi har det veldig koselig her altså.,We're fine here.,,,,,,,,,,,,,,,,,,,,
08:19:57:10,,Leif,Leif,"Ja, jeg ser det.","Yes, I see that.",,,,,,,,,,,,,,,,,,,,
08:19:59:03,,Ida,Ida,"Vi har jo blitt kjempegodt kjent med naboene våres og.. det er vel det som skjer når iPad og mobil går tom for batteri, så må man begynne å snakke sammen.","We've become well acquainted with our neighbors and... it's what happens when the iPad and mobile runs out of battery, then you have to start talking to eachother.",,,,,,,,,,,,,,,,,,,,
08:20:08:03,,Ida,Ida,Det her har egentlig blitt en ganske fin opplevelse..,It's actually been a really nice experience.,,,,,,,,,,,,,,,,,,,,
08:20:11:16,,Leif,Leif,En fin opplevelse ja.,A nice experience yes.,,,,,,,,,,,,,,,,,,,,
08:20:13:05,,Leif,Leif,"Det er bare begynnelsen dette her, strømmen kommer ikke tilbake.","This is just the begining, the electricity isn't coming back.",,,,,,,,,,,,,,,,,,,,
08:20:18:12,,Leif,Leif,Den kommer ikke tilbake.,It's not coming back on.,,,,,,,,,,,,,,,,,,,,
08:20:20:14,,Nabo,Neighbour,Det er klart den gjør det.,Of course it will.,,,,,,,,,,,,,,,,,,,,
08:20:21:05,,Leif,Leif,"Nei den gjør ikke det, strømmen kommer ikke tilbake. Og jeg gir dere en natt her, så dette her Kumbaya-opplegget her.. så er det over.","No it won't, the power is not coming back. And I give you one night here with this Kumbaya arrangement... then it's over.",,,,,,,,,,,,,,,,,,,,
08:20:27:11,,Leif,Leif,Da tar det kvelden.,That will be the end of it.,,,,,,,,,,,,,,,,,,,,
08:20:28:12,,Karsten,Karsten,"Nå må ikke du høre på han, Leif er bare pessimist han. Det her han alltid vært.","Now you mustn't listen to him, Leif is just a pessimist. That's how he's always been.",,,,,,,,,,,,,,,,,,,,
08:20:32:03,,Karsten,Karsten,"Vi er på fjerde natta vi nå, vi har gode rutiner. ","We are on the fourth night now, we have good routines.",,,,,,,,,,,,,,,,,,,,
08:20:35:08,,Ida,Ida,"Ja, vi har jo preppa til og med å.",We have even prepped.,,,,,,,,,,,,,,,,,,,,
08:20:38:21,,Ida,Ida,"Ja, vi har det.",Yes we have.,,,,,,,,,,,,,,,,,,,,
08:20:41:03,,Ida,Ida,"Vi har jo lært litt av deg opp igjennom åra da, se her vi har samla hermetikk. Vi har tørrvarer, vi har vann.","We've have learnt at little from you through the years, see here we have collected canned goods. We have dry goods, we have water.",,,,,,,,,,,,,,,,,,,,
08:20:51:01,,Ida,Ida,"Lommelykter, stearinlys, ved. Litt sprit har vi til og med og.","Torches, candles, firewood. We even have some spirits.",,,,,,,,,,,,,,,,,,,,
08:20:56:10,,Karsten,Karsten,"Vi har samordna vaktholdet med nabogården, så vi kommer til å klare oss bra vi ut uka. Hvertfall.","We've coordinated a security patrol with the neighbouring block, so we're going to manage well throughout, this week anyhow.",,,,,,,,,,,,,,,,,,,,
08:21:01:16,,Karsten,Karsten,Ja kanskje til og med lenger.,Yes maybe even longer.,,,,,,,,,,,,,,,,,,,,
08:21:03:10,,Karsten,Karsten,Hva sier du Leif? ,What do you think Leif?,,,,,,,,,,,,,,,,,,,,
08:21:05:01,,Karsten,Karsten,Er det godkjent eller?,Do you approve?,,,,,,,,,,,,,,,,,,,,
08:21:07:15,,Ida,Ida,Kommer jo til å ordne seg så lenge man holder sammen.,It's going to be all right as long as we stick together.,,,,,,,,,,,,,,,,,,,,
08:21:14:05,,Ida,Ida,Kan du ikke bli litt da?,Can't you stay a little while?,,,,,,,,,,,,,,,,,,,,
08:21:15:11,,Leif,Leif,"Jeg kan ikke bli, jeg jobber i beredskapsetaten.","I can't stay, I work in the Emergency Planning Agency.",,,,,,,,,,,,,,,,,,,,
08:21:18:03,,Leif,Leif,Jeg har masse greier.,I have a lot of stuff to do.,,,,,,,,,,,,,,,,,,,,
08:21:20:18,,Ida,Ida,Men vi trenger litt hjelp.,But we need a little help.,,,,,,,,,,,,,,,,,,,,
08:21:25:01,,Karsten,Karsten,Vet du hvordan man fikser et gammelt aggeregat?,Do you know how to fix an old generator?,,,,,,,,,,,,,,,,,,,,
08:21:28:17,,Karsten,Karsten,"Vi får bare ikke liv i det, det.. ",We just can't make it work. ,,,,,,,,,,,,,,,,,,,,
08:21:34:07,,Leif,Leif,"Er det bensin, diesel?",Is it petrol or diesel?,,,,,,,,,,,,,,,,,,,,
08:21:37:19,,Karsten,Karsten,Diesel.,Diesel.,,,,,,,,,,,,,,,,,,,,
08:21:40:16,,Leif,Leif,Jeg kan ta en kikk på det.,I can take a look at it.,,,,,,,,,,,,,,,,,,,,
08:21:42:08,,Ida,Ida,Vil du det?,Will you do that?,,,,,,,,,,,,,,,,,,,,
08:21:42:22,,Leif,Leif,Jada.,Yes.,,,,,,,,,,,,,,,,,,,,
08:21:43:15,,Leif,Leif,Og så går jeg. Jeg må gå for jeg har masse..,And then I'll go. I have to go because I have a lot....,,,,,,,,,,,,,,,,,,,,
08:21:44:10,,Ida,Ida,"Ja ja, selvfølgelig.","Yes, yes, of course.",,,,,,,,,,,,,,,,,,,,
,,,,,,,,,,,,,,,,,,,,,,,,,
08:21:48:14,,Unn,Unn,Ravn,Ravn,,,,,,,,,,,,,,,,,,,,
08:21:49:17,,Unn,Unn,"Ravn, vi har en dame her som holder på å føde.","Ravn, we have a woman here, who's in labour. ",,,,,,,,,,,,,,,,,,,,
08:21:51:09,,Ravn,Ravn,Javel?,Ok?,,,,,,,,,,,,,,,,,,,,
08:21:54:22,,Ravn,Ravn,Hei.,Hi,,,,,,,,,,,,,,,,,,,,
08:21:55:20,,Ravn,Ravn,Hva heter du for noe?,What's your name?,,,,,,,,,,,,,,,,,,,,
08:21:57:24,,Marit,Marit,Marit.,Marit.,,,,,,,,,,,,,,,,,,,,
08:21:58:23,,Ravn,Ravn,"Okei Marit, Marit. Se på meg nå, se på meg.","Ok Marit, Marit. Look at me now, look at me.",,,,,,,,,,,,,,,,,,,,
08:22:01:12,,Ravn,Ravn,"Se på meg, pust dypt inn, kom igjen.","Look at me, take a deep breath, come on.",,,,,,,,,,,,,,,,,,,,
08:22:03:18,,Ravn,Ravn,Sånn ja det er bra.,"There, yes, that's good.",,,,,,,,,,,,,,,,,,,,
08:22:05:24,,Ravn,Ravn,Hvor ofte kommer riene dine?,How often are your contractions coming?,,,,,,,,,,,,,,,,,,,,
08:22:08:22,,Marit,Marit,Hele tiden.,The whole time.,,,,,,,,,,,,,,,,,,,,
08:22:13:02,,Unn,Unn,For faen! Det må være generatoren. ,Dammit! It must be the generator. ,,,,,,,,,,,,,,,,,,,,
08:22:16:02,,Ravn,Ravn,"Vi tar ambulansen, til klinikken.",We'll take the ambulance to the clinic.,,,,,,,,,,,,,,,,,,,,
08:22:18:05,,Unn,Unn,Vi tar med så mange som mulig. ,We'll bring as many people as possible. ,,,,,,,,,,,,,,,,,,,,
08:22:19:02,,Ravn,Ravn,Ja. ,Yes. ,,,,,,,,,,,,,,,,,,,,
08:22:19:23,,Ravn,Ravn,"Kom igjen Marit. Kom, kom.","Come on Marit. Come, come.",,,,,,,,,,,,,,,,,,,,
08:22:21:11,,Unn,Unn,Kom Marit.,Come on Marit.,,,,,,,,,,,,,,,,,,,,
,,,,,,,,,,,,,,,,,,,,,,,,,
08:22:28:11,,Ida,Ida,"Tenk når Anna blir litt eldre, tenk på alt hun kan lære av deg. ","Imagine when Anna is a little older, think about all the things you can teach her.",,,,,,,,,,,,,,,,,,,,
08:22:35:09,,Leif,Leif,Hva da tenker du på?,What do you mean?,,,,,,,,,,,,,,,,,,,,
08:22:39:04,,Ida,Ida,"Sånn som den peisen for eksempel, vi skulle jo aldri ha kvitta oss med den.","Like the fireplace for example, we should never have got rid of it.",,,,,,,,,,,,,,,,,,,,
08:22:45:12,,Ida,Ida,Vi skulle ha hørt på deg.,We should have listened to you.,,,,,,,,,,,,,,,,,,,,
08:22:53:09,,Leif,Leif,Jeg vet ikke om..,I don't know about...,,,,,,,,,,,,,,,,,,,,
08:22:56:22,,Ida,Ida,"Asså, føler jo det at ho lærer noen ting av å bare være her og.",I also feel that she learns some things by just being here.,,,,,,,,,,,,,,,,,,,,
08:23:01:23,,Leif,Leif,"Kommer ikke til å huske noe av dette her uansett, det vet vi jo. ","She's not going to remember any of this anyway, we know that.",,,,,,,,,,,,,,,,,,,,
08:23:04:09,,Ida,Ida,"Kanskje ikke, men hun opplever det på kroppen i alle fall. Og det tror jeg er viktig.","Maybe not, but she experiences it physically, in any case. And I think, that is important.",,,,,,,,,,,,,,,,,,,,
08:23:11:19,,Leif,Leif,Får en veldig tidlig opplevelse av at verden er skjør.,"Already, very early on she will have an impression of how fragile the world is.",,,,,,,,,,,,,,,,,,,,
08:23:17:06,,Ida,Ida,"Men også det at folk virkelig vil hjelpe hverandre, innerst inni.","But also it's that people really want to help each other, deep down.",,,,,,,,,,,,,,,,,,,,
08:23:24:01,,Ida,Ida,At det er derfor det kommer til å gå bra til slutt.,That's why it's going to be ok in the end.,,,,,,,,,,,,,,,,,,,,
08:23:32:15,,Leif,Leif,"Hun kommer ikke til å lære noe av meg, det er for sent allerede.","She won't learn anything from me, it's already too late.",,,,,,,,,,,,,,,,,,,,
08:23:39:05,,Ida,Ida,Men..,But...,,,,,,,,,,,,,,,,,,,,
,,,,,,,,,,,,,,,,,,,,,,,,,
08:23:42:14,,Ravn,Ravn,Okei folkens.,Ok folks.,,,,,,,,,,,,,,,,,,,,
08:23:44:05,,Ravn,Ravn,Dere får bare trekke innover her.,Just come right in.,,,,,,,,,,,,,,,,,,,,
08:23:46:02,,Ravn,Ravn,"Ta dere til rette så godt dere kan, så skal vi prøve å hjelpe alle sammen etterhvert.","Make yourselves at home the best you can, and we'll try to help everyone eventually.",,,,,,,,,,,,,,,,,,,,
08:23:49:24,,Ravn,Ravn,Ligger noe pledd og det er noe mat der inne også.,There are some blankets and some food in here too.,,,,,,,,,,,,,,,,,,,,
08:23:52:09,,Ravn,Ravn,Tar vi Marit først.,We'll take Marit first.,,,,,,,,,,,,,,,,,,,,
08:23:54:14,,Ravn,Ravn,"Ta og lytt du også, så vi er helt enig.","You have a listen too, so we are completely agreed. ",,,,,,,,,,,,,,,,,,,,
08:23:55:16,,Unn,Unn,Ja.,Yes.,,,,,,,,,,,,,,,,,,,,
08:23:57:05,,Ravn,Ravn,"Det går helt fint Marit, hun skal bare få lov til å lytte så vi er helt enig.","It's going to be fine Marit, she is only listening so we are in complete agreement.",,,,,,,,,,,,,,,,,,,,
08:24.02:06,,Unn,Unn,"Ja, vi har ikke så god tid.",Yes. We don't have much time.,,,,,,,,,,,,,,,,,,,,
08:24:35:10,,Leif,Leif,"Ja, da vet ikke jeg hva dere har blitt fortalt.","Yes, well I don't know what you have been told.",,,,,,,,,,,,,,,,,,,,
08:24:37:24,,Leif,Leif,"Men da er hvertfall festen over her, så da er det bare å trekke rett ut med en gang.","But in any case the party here is over, so it's time for you to go, right now.",,,,,,,,,,,,,,,,,,,,
08:24:42:06,,Leif,Leif,"Kom igjen, det gjelder alle sammen sier jeg. Kom igjen.","Come on, that applies to everybody. Come on.",,,,,,,,,,,,,,,,,,,,
08:24:44:19,,Leif,Leif,"Her har vi våpen, så her er det bare å følge med, kom igjen a.","We have weapons here, so pay attention, come on. ",,,,,,,,,,,,,,,,,,,,
08:24:48:02,,Marit,Marit,Hva er det som skjer nå?,What's happening now?,,,,,,,,,,,,,,,,,,,,
08:24:49:16,,Ravn,Ravn,Fortsett.,Carry on.,,,,,,,,,,,,,,,,,,,,
08:24:50:00,,Unn,Unn,Ja.,Yes.,,,,,,,,,,,,,,,,,,,,
08:24:50:06,,Leif,Leif,Nytter ikke å sutre her altså.,It's no use whining here.,,,,,,,,,,,,,,,,,,,,
08:24:51:15,,Leif,Leif,"Det gjelder deg óg, kom igjen.","That applies to you too, come on.",,,,,,,,,,,,,,,,,,,,
08:24:52:21,,Ravn,Ravn,Leif!,Leif!,,,,,,,,,,,,,,,,,,,,
08:24:54:11,,Ravn,Ravn,De skal bli her.,They're staying here.,,,,,,,,,,,,,,,,,,,,
08:24:55:22,,Leif,Leif,"Du bryter deg inn, du blåser hele stedet her. Hva er det du holder på med a?","You break in, you blow the whole place here. What the fuck are you doing?",,,,,,,,,,,,,,,,,,,,
08:24:59:07,,Ravn,Ravn,Du skal ut.,Get out!,,,,,,,,,,,,,,,,,,,,
08:25:00:16,,Leif,Leif,Ut fra min egen klinikk...?,Out of my own clinic?,,,,,,,,,,,,,,,,,,,,
08:25:02:03,,Ravn,Ravn,Du skal ut!,Get out!,,,,,,,,,,,,,,,,,,,,
08:25:06:21,,Ravn,Ravn,"Her flyr vi og rydder opp i dritten din, tror du at noen av disse her hadde trengt hjelp om det ikke var for deg?","Here we are cleaning up your mess, do you think that any of these people here would have needed help if it wasn't for you?",,,,,,,,,,,,,,,,,,,,
08:25:13:15,,Unn,Unn,Ravn! Nå!,Ravn! Now!,,,,,,,,,,,,,,,,,,,,
08:25:21:07,,Leif,Leif,De kan takke seg sjæl..,They can thank themselves...,,,,,,,,,,,,,,,,,,,,
08:25:24:15,,Ravn ,Ravn,"Ok, dette her skal gå fint. Vi har full kontroll.  Sånn. Nå er det like før. Marit?","Ok, this will be fine. We're in control. There. Now it's almost time. Marit?",,,,,,,,,,,,,,,,,,,,
08:25:34:07,,Ravn,Ravn,Marit? Nå må vi tre samarbeide.,Marit? Now the three of us must work together.,,,,,,,,,,,,,,,,,,,,
08:25:36:17,,Ravn,Ravn,"Nå må du presse alt det du orker, og så skal dette gå fint.","You must push as hard as you can, then everything will go well.",,,,,,,,,,,,,,,,,,,,
08:25:39:08,,Ravn,Ravn,"Ok, Unn, nå legger du tyngden din over sånn.","Ok, Unn, now put your weight on top like that.",,,,,,,,,,,,,,,,,,,,
08:25:41:18,,Ravn,Ravn,"Også presser du, men ikke oppå magen hennes, men bak.","You have to push too, but not on top of her stomach but from behind.",,,,,,,,,,,,,,,,,,,,
08:25:43:19,,Unn,Unn,"Bak. Ja, fint.","From behind, yes fine.",,,,,,,,,,,,,,,,,,,,
08:25:45:10,,Ravn,Ravn,"Marit, en gang til. Kom igjen nå.","Marit, one more time. Come on now.",,,,,,,,,,,,,,,,,,,,
08:25.52:10,,Unn,Unn,"Okei. Pust, pust Marit. Prøv å pust.",Ok...ok breathe Marit. Try to breathe.,,,,,,,,,,,,,,,,,,,,
08:25:54:22,,Ravn,Ravn,"Sånn ja, pust, pust.","That's it, breathe, breathe.",,,,,,,,,,,,,,,,,,,,
08:25:56:08,,Ravn,Ravn,Det går ikke.,It's not working.,,,,,,,,,,,,,,,,,,,,
08:25:57:16,,Ravn,Ravn,Det må bli keisersnitt.,We have to do a C-section (cesarean section),,,,,,,,,,,,,,,,,,,,
08:25:58:17,,Unn,Unn,Keisersnitt?,C-section? (cesarean section),,,,,,,,,,,,,,,,,,,,
08:26:00:01,,Unn,Unn,Men da må vi jo presse babyen opp igjen.,But then we have to push the baby up again.,,,,,,,,,,,,,,,,,,,,
08:26:01:07,,Ravn,Ravn,"Ja, men vi har ikke utstyr til det.",Yes but we don't have the instruments for that.,,,,,,,,,,,,,,,,,,,,
08:26:03:07,,Ravn,Ravn,"Vi må ihvertfall ha en tang da, eller vakum.","We must at least have a pair of forceps, or a ventouse.",,,,,,,,,,,,,,,,,,,,
08:26:06:03,,Leif,Leif,Hva slags tang da? Jeg har massevis av tenger jeg.,What kind of forceps? I have lots of tongs.,,,,,,,,,,,,,,,,,,,,
08:26:11:01,,Ravn,Ravn,"Ja, det funker.",Yes that will work.,,,,,,,,,,,,,,,,,,,,
08:26:11:12,,Leif,Leif,Ok?,Ok?,,,,,,,,,,,,,,,,,,,,
08:26:12:14,,Ravn,Ravn,Marit?,Marit?,,,,,,,,,,,,,,,,,,,,
08:26:14:05,,Ravn,Ravn,"Nå fester jeg tangen, og så vrir jeg og drar samtidig imens du presser alt du kan. Er du klar? Kom igjen.","Now I'm attaching the forceps, then I'll turn and pull simultaneously, meanwhile you push as hard as you can. Are you ready?",,,,,,,,,,,,,,,,,,,,
08:26:18:18,,Ravn,Ravn,Leif?,Leif?,,,,,,,,,,,,,,,,,,,,
08:26:19:18,,Leif,Leif,Hæ?,Huh?,,,,,,,,,,,,,,,,,,,,
08:26:19:13,,Ravn,Ravn,Kan du holde foten hennes så hun har noe å presse imot. Kom igjen! ,Can you hold her foot so that she has something to push against. Come on!,,,,,,,,,,,,,,,,,,,,
08:26:23:00,,Unn,Unn,"Ok, har du den i nå?",Have you got them in now?,,,,,,,,,,,,,,,,,,,,
08:26:23:13,,Ravn,Ravn,Sånn ja.,That's it.,,,,,,,,,,,,,,,,,,,,
08:26:24:10,,Unn,Unn,Kom igjen rie.,Come on!,,,,,,,,,,,,,,,,,,,,
08:26:26:05,,Unn,Unn,Å kom igjen!,"Oh, come on!",,,,,,,,,,,,,,,,,,,,
08:26:27:15,,Ravn,Ravn,Dette er bra Marit.,That's good Marit.,,,,,,,,,,,,,,,,,,,,
08:26:28:10,,Unn,Unn,Ikke gi deg!,Don't give up!,,,,,,,,,,,,,,,,,,,,
08:26:29:02,,Ravn,Ravn,"Sånn ja, kom igjen.","That's it, come on.",,,,,,,,,,,,,,,,,,,,
08:26:31:17,,Ravn,Ravn,"Jo, nå kommer hodet..hodet, hodet, hodet.","Yes, the head's coming now, the head, the head, the head.",,,,,,,,,,,,,,,,,,,,
08:26:34.02,,Unn,Unn,"Flott, Marit flott!","Great Marit, great",,,,,,,,,,,,,,,,,,,,
08:26:34:18,,Ravn,Ravn,Der er hodet.,There's the head.,,,,,,,,,,,,,,,,,,,,
08:26:35:21,,Ravn,Ravn,"Det er bra, Marit.",That's good Marit. ,,,,,,,,,,,,,,,,,,,,
08:26:36:10,,Ravn,Ravn,Nå er det like før!,Almost there!,,,,,,,,,,,,,,,,,,,,
08:26:37:07,,Unn,Unn,"Okei, nå holder jeg bak her.",Ok now I'll support behind here. ,,,,,,,,,,,,,,,,,,,,
08:26:39:17,,Ravn,Ravn,"Også én god ri til nå, kom igjen Marit. Siste.","One more good contraction, come on Marit. Last one.",,,,,,,,,,,,,,,,,,,,
08:26:42:02,,Ravn,Ravn,Kom igjen!,Come on!,,,,,,,,,,,,,,,,,,,,
08:26:44:23,,Ravn,Ravn,Sånn!,There!,,,,,,,,,,,,,,,,,,,,
08:26:46:09,,Ravn,Ravn,"Bra, Marit.","Good, Marit.",,,,,,,,,,,,,,,,,,,,
08:26:51:07,,Unn,Unn,Se!  ,Look!,,,,,,,,,,,,,,,,,,,,
08:26:53:14,,Ravn,Ravn,Her er mamma!,Here is Mommy.,,,,,,,,,,,,,,,,,,,,
08:26:55:10,,Unn,Unn,Her Marit!,Here Marit!,,,,,,,,,,,,,,,,,,,,
08:26:57:06,,Marit,Marit,Min baby...,My baby...,,,,,,,,,,,,,,,,,,,,
08:27:02:00,,Ravn,Ravn,"Åh, så fin!","Oh, so beautiful!",,,,,,,,,,,,,,,,,,,,
08:27:07:04,,Leif,Leif,Kjempebra..,Great..,,,,,,,,,,,,,,,,,,,,
08:27:11:21,,Ravn,Ravn,Går det bra?,Are you ok?,,,,,,,,,,,,,,,,,,,,
,,,,,,,,,,,,,,,,,,,,,,,,,
08:27:15:18,,Teo,Teo,Kan jeg få snakke med deg?,Can I talk to you?,,,,,,,,,,,,,,,,,,,,
08:27:18:01,,Fengselsvakt,Prison guard,Om hva da?,What about?,,,,,,,,,,,,,,,,,,,,
08:27:19:16,,Teo,Teo,Om det å bli far.,About becoming a dad.,,,,,,,,,,,,,,,,,,,,
08:27:24:07,,Teo,Teo,Har du barn?,Do you have children?,,,,,,,,,,,,,,,,,,,,
08:27:26:18,,Fengselsvakt,Prison guard,Ja.,Yes.,,,,,,,,,,,,,,,,,,,,
08:27:21:06,,Teo,Teo,Gutt eller jente?,Boy or girl?,,,,,,,,,,,,,,,,,,,,
08:27:23:21,,Fengselsvakt,Prison guard,To jenter.,Two girls.,,,,,,,,,,,,,,,,,,,,
08:27:39:01,,Teo,Teo,Bor du sammen med dem eller?,Do you live with them?,,,,,,,,,,,,,,,,,,,,
08:27:40:24,,Fengselsvakt,Prison guard,"Nei, jeg ser dem hver tredje helg.","No, I see them every third weekend.",,,,,,,,,,,,,,,,,,,,
08:27:45:17,,Fengselsvakt,Prison guard,Lang historie.,Long story.,,,,,,,,,,,,,,,,,,,,
08:27:47:20,,Teo,Teo,Kona mi har termin i dag.,My wife was due today.,,,,,,,,,,,,,,,,,,,,
08:27:52:04,,Teo,Teo,Jeg kommer aldri til å få treffe kid'n min.,I'll never get to meet my kid.,,,,,,,,,,,,,,,,,,,,
08:27:54:24,,Teo,Teo,Jeg innser det.,I realize that.,,,,,,,,,,,,,,,,,,,,
08:28:05:00,,Teo,Teo,Jeg bare..jeg lurte på om jeg kunne be deg om en liten tjeneste?,I just ..I was wondering if I could ask you a small favour?,,,,,,,,,,,,,,,,,,,,
08:28:13:18,,Fengselsvakt,Prison guard,"Å nei, du har brev- og besøksforbud.","Oh no, you can't have mail or visitors.",,,,,,,,,,,,,,,,,,,,
08:28:16:14,,Teo,Teo,"Ja jeg veit det, jeg bare..","I know that, I just...",,,,,,,,,,,,,,,,,,,,
08:28:21:00,,Teo,Teo,"Jeg hadde kanskje håpet at hvis du kunne bare lest det igjennom, ikke sant.","I had hoped that maybe, if you could just read it through.",,,,,,,,,,,,,,,,,,,,
08:28:24:20,,Teo,Teo,"Og sett at det ikke står noe som har med saken min å gjøre, at du kanskje kunne..","And see that there's nothing in it, to do with my case, then maybe you could...",,,,,,,,,,,,,,,,,,,,
08:28:32:03,,Teo,Teo,Jeg vet ikke hva jeg skal gjøre..,I don't know what I am going to do...,,,,,,,,,,,,,,,,,,,,
08:28:41:13,,Teo,Teo,Her.,Here.,,,,,,,,,,,,,,,,,,,,
08:28:48:11,,Fengselsvakt,Prison guard,Jøss.,Wow.,,,,,,,,,,,,,,,,,,,,
08:28:52:10,,Fengselsvakt,Prison guard,Er det virkelig du som har..?,Is it really you who has...?,,,,,,,,,,,,,,,,,,,,
08:28:56:03,,Teo,Teo,Ja.,Yes.,,,,,,,,,,,,,,,,,,,,
08:28:57:02,,Fengselsvakt,Prison guard,Det er jo virkelig treffende..,It's really touching.,,,,,,,,,,,,,,,,,,,,
08:29:01:06,,Fengselsvakt,Prison guard,Hadde jeg kunne noe av dette her...,If only I could write something like this...,,,,,,,,,,,,,,,,,,,,
08:29:06:10,,Teo,Teo,Unnskyld.,Sorry.,,,,,,,,,,,,,,,,,,,,
08:29:10:00,,Fengselsvakt,Prison guard,For hva da?,For what?,,,,,,,,,,,,,,,,,,,,
08:29:13:17,,Teo,Teo,Unnskyld.,Sorry.,,,,,,,,,,,,,,,,,,,,
08:29:36.11,,Teo,Teo,Faen altså.,Damn,,,,,,,,,,,,,,,,,,,,
08:29:51:05,,Innsatt,Inmate,Kom igjen 'a gutta!,Come on guys!,,,,,,,,,,,,,,,,,,,,
08:30:00:01,,Sjefsraner,Chief Robber,"Rolig, rolig!","Calmly, calmly!",,,,,,,,,,,,,,,,,,,,
08:30:03:05,,Sjefsraner,Chief Robber,Den veien. Få opp den døra!,That way. Open that door!,,,,,,,,,,,,,,,,,,,,
08:30:06:13,,Innsatt #2,Inmate #2,"Opp, opp, opp!","Up, up, up!",,,,,,,,,,,,,,,,,,,,
08:30:07:05,,Innsatt #3,Inmate #3,Opp den stigen.,Up that ladder. ,,,,,,,,,,,,,,,,,,,,
08:30:07:10,,Sjefsraner,Chief Robber,Teo?,Teo?,,,,,,,,,,,,,,,,,,,,
08:30:10:10,,Sjefsraner,Chief Robber,Teo?,Teo?,,,,,,,,,,,,,,,,,,,,
,,,,,,,,,,,,,,,,,,,,,,,,,
08:30:41:19,,Grethe,Grethe,"Hei, Vilma.","Hi, Vilma.",,,,,,,,,,,,,,,,,,,,
08:30:45:00,,Grethe,Grethe,Hvordan går det?,How's it going?,,,,,,,,,,,,,,,,,,,,
08:30:45:15,,Vilma,Vilma,Det går fint.,It's fine.,,,,,,,,,,,,,,,,,,,,
08:30:46:22,,Grethe,Grethe,Bra.,Good,,,,,,,,,,,,,,,,,,,,
08:30:51:17,,Grethe,Grethe,"Ja, jeg har hatt en lang samtale med Corpus AGE.","Yes, I have had a long conversation with Corpus AGE.",,,,,,,,,,,,,,,,,,,,
08:30:56:21,,Grethe,Grethe,Og vi har analysert situasjonen.,And we have analysed the situation.,,,,,,,,,,,,,,,,,,,,
08:30:58:22,,Vilma,Vilma,Javel?,Oh yes?,,,,,,,,,,,,,,,,,,,,
08:30:00:12,,Grethe,Grethe,"Det er selvfølgelig veldig synd med Ravn sin forskning, men den er strengt tatt mest av akademisk interesse.","It is of course a shame about Ravn's research, but strictly speaking it is mostly of academic interest.",,,,,,,,,,,,,,,,,,,,
08:31:06:17,,Vilma,Vilma,Den er i min interesse.,It's in my interest.,,,,,,,,,,,,,,,,,,,,
08:31:07:23,,Grethe,Grethe,"Jo, jo. Det forstår vi, ","Yes, yes. We understand that.",,,,,,,,,,,,,,,,,,,,
08:31:10:18,,Grethe,Grethe,"men for å fremstille et preperat, er det mest medisinsk interessante det som er inni deg.","But in order to prepare a cure, most interesting medically, is what is inside you.",,,,,,,,,,,,,,,,,,,,
08:31:15:17,,Grethe,Grethe,Men vi trenger ikke å forstå nøyaktig hvordan det ble sånn.,But we don't need to understand exactly how it came to be that way...,,,,,,,,,,,,,,,,,,,,
08:31:19:22,,Grethe,Grethe,For å kunne bruke det. ,...to be able to use it.,,,,,,,,,,,,,,,,,,,,
08:31:22:08,,Grethe,Grethe,"Så Corpus de sier de kan jobbe videre med det, hvis de bare får tatt fler prøver av deg.","So Corpus say, they can work with it, as long as they can take more samples from you.",,,,,,,,,,,,,,,,,,,,
08:31:26:19,,Vilma,Vilma,Dealen var at de skulle assistere meg i min videre forskning.,The deal was that they would assist me in furthering my research.,,,,,,,,,,,,,,,,,,,,
08:31:30:18,,Grethe,Grethe,"Jo jo. Du skal jo være med på hele prosessen, men..","Yes, yes. You will be involved in the whole process, but ..",,,,,,,,,,,,,,,,,,,,
08:31:34:23,,Grethe,Grethe,"Herregud Vilma, jeg har sett den laben de har.","Oh my god Vilma, I've seen the lab they've got.",,,,,,,,,,,,,,,,,,,,
08:31:37:12,,Grethe,Grethe,Den er helt vanvittig.,It is absolutely insane.,,,,,,,,,,,,,,,,,,,,
08:31:39:05,,Grethe,Grethe,De kan isolere cellemateriale inni hypofysen din.,They can isolate cell material inside your pituitary gland.,,,,,,,,,,,,,,,,,,,,
08:31:42:13,,Vilma,Vilma,Hvor skal dette skje?,Where will this happen?,,,,,,,,,,,,,,,,,,,,
08:31:44:01,,Grethe,Grethe,I Sveits.,In Switzerland.,,,,,,,,,,,,,,,,,,,,
08:31:46:08,,Grethe,Grethe,"Ja, vi kan jo ikke være her uansett.",We can't stay here anyway.,,,,,,,,,,,,,,,,,,,,
08:31:48:12,,Grethe,Grethe,Uten strøm.,Without electricity.,,,,,,,,,,,,,,,,,,,,
08:31:49:06,,Vilma,Vilma,Nei..,No...,,,,,,,,,,,,,,,,,,,,
08:31:50:04,,Grethe,Grethe,"Ja, så er vi jo tilbake om en uke.","Yes, then we'll come back in a week.",,,,,,,,,,,,,,,,,,,,
08:31:52:03,,Grethe,Grethe,Med masse svar og solid finansiering..og alt er helt trygt.,With lots of answers and solid finansing... and everything is completely safe.,,,,,,,,,,,,,,,,,,,,
08:31:57:21,,Vilma,Vilma,Hva mener du..trygt?,What do you mean... safe?,,,,,,,,,,,,,,,,,,,,
08:32:02:01,,Grethe,Grethe,"Ja, de har jo veldig stor kompetanse på akkurat dette.","Yes, they have great expertise in exactly this area.",,,,,,,,,,,,,,,,,,,,
08:32:06:04,,Grethe,Grethe,"Men så... for å få tatt god prøver av deg, så er de nødt til å legge deg i en indusert koma.","But in order to get good samples from you, they have to put you in an induced coma.",,,,,,,,,,,,,,,,,,,,
08:32:13:05,,Grethe,Grethe,Men det er bare noen få dager det er snakk om.,But we're only talking about a few days.,,,,,,,,,,,,,,,,,,,,
08:32:18:04,,Grethe,Grethe,Vilma?,Vilma?,,,,,,,,,,,,,,,,,,,,
08:32:20:01,,Grethe,Grethe,Det er ikke det samme.,It's not the same.,,,,,,,,,,,,,,,,,,,,
08:32:23.00,,Grethe,Grethe,Dette her er helt trygt.,This will be completely safe.,,,,,,,,,,,,,,,,,,,,
08:32:25.17,,Grethe,Grethe,Du kommer til å våkne opp. ,You'll wake up. ,,,,,,,,,,,,,,,,,,,,
08:32:28:14,,Vilma,Vilma,Okei.,Ok.,,,,,,,,,,,,,,,,,,,,
08:32:29:06,,Grethe,Grethe,Og.... du kommer ikke til å vite noe om det som har skjedd.,And.. you won't remember anything of what went on. ,,,,,,,,,,,,,,,,,,,,
08:32:33:00,,Vilma,Vilma,Når drar vi?,When do we go?,,,,,,,,,,,,,,,,,,,,
08:32:34:10,,Grethe,Grethe,I kveld.,Tonight.,,,,,,,,,,,,,,,,,,,,
08:32:36:14,,Grethe,Grethe,"Corpus, de har allerede sendt et helikopter for å hente oss.",Corpus has already sent a helicopter to collect us.,,,,,,,,,,,,,,,,,,,,
,,,,,,,,,,,,,,,,,,,,,,,,,
08:32:57:07,,Leif,Leif,Hei.,Hi.,,,,,,,,,,,,,,,,,,,,
08:32:59:05,,Leif,Leif,"Forstyrrer jeg dere nå, eller?",Am I disturbing you?,,,,,,,,,,,,,,,,,,,,
08:33:00:23,,Marit,Marit,Neida.,No...,,,,,,,,,,,,,,,,,,,,
08:33:08:18,,Leif,Leif,Jeg tenkte..,I thought...,,,,,,,,,,,,,,,,,,,,
08:33:09:01,,Marit,Marit,Er dette ditt sted?,Is this your place?,,,,,,,,,,,,,,,,,,,,
08:33:11:15,,Marit ,Marit ,Er dette her ditt sted?,"Is this here, your place?",,,,,,,,,,,,,,,,,,,,
08:33:12:12,,Leif,Leif,"Det er mitt.. Eller ja, på en måte, så er det det. ",It's mine... in a way.,,,,,,,,,,,,,,,,,,,,
08:33:16:00,,Marit,Marit,Det er akkurat som du skreiv da. I forumet.,"It's just like you wrote about, on the forum.",,,,,,,,,,,,,,,,,,,,
08:33:21:18,,Leif,Leif,"Å, du har lest det?",You read it?,,,,,,,,,,,,,,,,,,,,
08:33:23:08,,Marit,Marit,"Lest det? Jeg har lest alt du har skrevet jeg, Leif.","Read it? I have read everything you have written, Leif.",,,,,,,,,,,,,,,,,,,,
08:33:29:04,,Marit,Marit,"Off-grid løsninger, hemmelige, men fullt operative som skulle så klare den dagen alt gikk til helvete.","Secret, Off-grid solutions, but fully operational, and ready for that day when everything went to hell. ",,,,,,,,,,,,,,,,,,,,
08:33:37:16,,Marit,Marit,Hadde det ikke vært for det stedet her..,Had it not been for this place here...,,,,,,,,,,,,,,,,,,,,
08:33:43:00,,Marit,Marit,Takk.,Thank you.,,,,,,,,,,,,,,,,,,,,
08:33:45:24,,Marit,Marit,Tusen takk.,Thank you very much.,,,,,,,,,,,,,,,,,,,,
08:33:48:01,,Leif,Leif,Du må ikke takke meg.,You don't have to thank me.,,,,,,,,,,,,,,,,,,,,
08:33:49:05,,Marit,Marit,Jo.,Yes I do.,,,,,,,,,,,,,,,,,,,,
08:33:49:11,,Leif,Leif,Virkelig.,Really. you don't.,,,,,,,,,,,,,,,,,,,,
08:33:50:02,,Marit,Marit,"Jeg vet at du hjalp Teo, og jeg vet at du hjalp han å bygge det shelteret.","I know you helped Teo, and I know that you helped him build the shelter.",,,,,,,,,,,,,,,,,,,,
08:33:55:15,,Marit,Marit,Og at han fikk lov til å være her nede.,And that he was allowed to stay down here.,,,,,,,,,,,,,,,,,,,,
08:33:58:05,,Marit,Marit,"Tusen takk, Leif.","Thank you very much, Leif.",,,,,,,,,,,,,,,,,,,,
08:34:05:08,,Ravn,Ravn,Leif?,Leif?,,,,,,,,,,,,,,,,,,,,
08:34:08:02,,Ravn,Ravn,Du.,Hey.,,,,,,,,,,,,,,,,,,,,
08:34:09:00,,Ravn,Ravn,Leif.,Leif.,,,,,,,,,,,,,,,,,,,,
08:34:13:05,,Ravn,Ravn,Hvor skal du nå?,Where are you going now?,,,,,,,,,,,,,,,,,,,,
08:34:15:03,,Leif,Leif,"Jeg skal ut, det var det du ville var det ikke det?","I'm leaving, that's what you wanted wasn't it?",,,,,,,,,,,,,,,,,,,,
08:34:18:00,,Leif,Leif,Jeg vet at jeg er ferdig her.,I know I'm finished here.,,,,,,,,,,,,,,,,,,,,
08:34:19:04,,Ravn,Ravn,"Marit har rett hun, du vet det?","Marit's right, you know?",,,,,,,,,,,,,,,,,,,,
08:34:22:10,,Leif,Leif,Joda.,Yeah...,,,,,,,,,,,,,,,,,,,,
08:34:24:03,,Ravn,Ravn,"Hadde det ikke vært for dette stedet her, så ville den babyen dødd.","If it wasn't for this place, the baby could have died.",,,,,,,,,,,,,,,,,,,,
08:34:28:12,,Leif,Leif,"Det er du som redder liv her nede. For å si det sånn, Marit vet ingen ting.","It's you who saves lives down here. Marit knows nothing, so to speak.",,,,,,,,,,,,,,,,,,,,
08:34:32:07,,Ravn,Ravn,"Nei, for det er vel bare jeg som vet at det var du som kutta strømmen?","No, because it's just me who knows that is was you who cut the power?",,,,,,,,,,,,,,,,,,,,
08:34:35:19,,Leif,Leif,Jeg har gjort mye verre ting enn det.,I have done worse things than that.,,,,,,,,,,,,,,,,,,,,
08:34:39:15,,Ravn,Ravn,"Du er ikke frisk, Leif.",You are not well Leif.,,,,,,,,,,,,,,,,,,,,
08:34:40:09,,Leif,Leif,Neivel.,No?,,,,,,,,,,,,,,,,,,,,
08:34:42:12,,Leif,Leif,Men jeg er ikke pasienten din heller.,But I'm not your patient either.,,,,,,,,,,,,,,,,,,,,
08:34:43:20,,Ravn,Ravn,"Nei, for du er mye mer enn det.",No because you are much more than that.,,,,,,,,,,,,,,,,,,,,
08:34:44:24,,Leif,Leif,Å bullshit ass!,That's bullshit!,,,,,,,,,,,,,,,,,,,,
08:34:47:13,,Leif,Leif,Jeg trodde på det jeg!,I believed in it!,,,,,,,,,,,,,,,,,,,,
08:34:49:18,,Leif,Leif,"Jeg trodde på det, at vi var venner, at vi var sammen om dette her.","I believed that we were friends, that we were in this together here.",,,,,,,,,,,,,,,,,,,,
08:34:54:22,,Leif,Leif,"At du hadde noen problemer, at jeg kanskje hadde noen problemer og at vi skulle finne ut av det sammen.","That you had some problems, that maybe I had some problems and that we'd figure it out together.",,,,,,,,,,,,,,,,,,,,
08:34:59:15,,Leif,Leif,Jeg hjalp deg..,I helped you...,,,,,,,,,,,,,,,,,,,,
08:35:01:24,,Leif,Leif,Også forsvant du.,And then you disappeared.,,,,,,,,,,,,,,,,,,,,
08:35:02:21,,Ravn,Ravn,Okei.,Ok.,,,,,,,,,,,,,,,,,,,,
08:35:05:08,,Ravn,Ravn,"Okei, du har rett i det.","Ok, you're right",,,,,,,,,,,,,,,,,,,,
08:35:06:23,,Ravn,Ravn,Jeg forsvant.,I disappeared.,,,,,,,,,,,,,,,,,,,,
08:35:09:23,,Ravn,Ravn,"Men nå er jeg her Leif, og det er du óg.","But now I am here Leif, and you are too.",,,,,,,,,,,,,,,,,,,,
08:35:13:12,,Leif,Leif,Hele stedet her er ødelagt.,The whole place here is destroyed.,,,,,,,,,,,,,,,,,,,,
08:35:16:03,,Leif,Leif,"Alt det som var mitt her, nå er det ditt.","All that was mine here, now is yours.",,,,,,,,,,,,,,,,,,,,
08:35:18.24,,Leif,Leif,Det er ingenting igjen her.,There's nothing left here.,,,,,,,,,,,,,,,,,,,,
08:35:20:21,,Ravn,Ravn,"Vi to vi kan hjelpe folk her nede som ellers ikke ville hatt noe sted å gå, men da må du velge side Leif. Vil du redde folk, eller vil du skade dem?","The two of us, we can help people down here who would otherwise have no place to go, but you must choose sides Leif. Will you save people, or will you hurt them.",,,,,,,,,,,,,,,,,,,,
08:35:28:10,,Leif,Leif,Det jeg har gjort kommer folk til å huske. ,People will remember what I did.,,,,,,,,,,,,,,,,,,,,
08:35:32:18,,Leif,Leif,"De gjør det, jeg hadde rett og nå har de skjønt det. Og nå vet de hva de har å miste.","They will, I was right and now they realize that. And now they know what they have lost.",,,,,,,,,,,,,,,,,,,,
08:35:38:12,,Leif,Leif,Det er det jeg etterlater meg.,That's my legacy.,,,,,,,,,,,,,,,,,,,,
08:35:39:10,,Ravn,Ravn,"Folk dør der ute, Leif.","People are dying out there, Leif.",,,,,,,,,,,,,,,,,,,,
08:35:42:00,,Ravn,Ravn,De lider på grunn av deg.,They're suffering because of you.,,,,,,,,,,,,,,,,,,,,
08:35:43:22,,Ravn,Ravn,"Du kan jo ikke leke Gud, bare fordi du føler deg alene og oversett.","You cannot play God, just because you feel alone and unnoticed.",,,,,,,,,,,,,,,,,,,,
08:35:48:08,,Ravn,Ravn,Du vet at jeg vet innerst inne at du er en fin fyr..,You know that I know deep down that you are a nice guy...,,,,,,,,,,,,,,,,,,,,
08:35:50:11,,Leif,Leif,Slutt a'.,Stop it.,,,,,,,,,,,,,,,,,,,,
08:35:51:20,,Leif,Leif,Jeg er ikke en fin fyr.,I am not a nice guy.,,,,,,,,,,,,,,,,,,,,
08:35:55:15,,Ravn,Ravn,Du er redd.,You're scared.,,,,,,,,,,,,,,,,,,,,
08:35:57:22,,Ravn,Ravn,Også er du sint.,And you're angry.,,,,,,,,,,,,,,,,,,,,
08:35:59:17,,Ravn,Ravn,Fordi folk ikke er like redde som deg.,Because people aren't as scared as you.,,,,,,,,,,,,,,,,,,,,
08:36:04:14,,Ravn,Ravn,Kan du skru på strømmen igjen?,Can you turn the power back on?,,,,,,,,,,,,,,,,,,,,
08:36:07:21,,Leif,Leif,Det er ikke så lett.,It's not so easy.,,,,,,,,,,,,,,,,,,,,
08:36:08:17,,Ravn,Ravn,Kan du eller kan du ikke?,Can you or not?,,,,,,,,,,,,,,,,,,,,
,,,,,,,,,,,,,,,,,,,,,,,,,
08:36:17:20,,Teo,Teo,Unnskyld.,I'm sorry.,,,,,,,,,,,,,,,,,,,,
08:36:21:02,,Teo,Teo,De gutta de trua med å drepe familien min..jeg hadde ikke noe valg.,The guys threatened to kill my family... I had no choice,,,,,,,,,,,,,,,,,,,,
08:36:27:24,,Fengselsvakt,Prison guard,Jeg trodde du ville treffe hun kona di?,I thought you'd go to meet your wife?,,,,,,,,,,,,,,,,,,,,
08:36:31:08,,Fengselsvakt,Prison guard,Hvorfor stakk du ikke bare av?,Why didn't you just run?,,,,,,,,,,,,,,,,,,,,
08:36:32:17,,Teo,Teo,Jeg skal ikke ha noe lengre straff.,I don't want a longer sentence.,,,,,,,,,,,,,,,,,,,,
08:36:36:04,,Teo,Teo,Da får jeg aldri treffe sønnen min.,Then I'll never get to see my son.,,,,,,,,,,,,,,,,,,,,
08:36:40:01,,Fengselsvakt,Prison guard,Så det ble en gutt?,So it was a boy?,,,,,,,,,,,,,,,,,,,,
08:36:45:20,,Fengselsvakt,Prison guard,Jeg har alltid ønska meg en sønn.,I've always wanted a son.,,,,,,,,,,,,,,,,,,,,
08:36.54:16,,Fengselsvakt,Prison guard,"Vi hadde en masserømming herfra for et par år siden, på grunn av teknisk svikt.","We had a mass escape here a few years ago, due to technical failure.",,,,,,,,,,,,,,,,,,,,
08:37:00:19,,Fengselsvakt,Prison guard,Da ble det amnestisak.,There was an amnesty.,,,,,,,,,,,,,,,,,,,,
08:37:05:23,,Fengselsvakt,Prison guard,"De som kom tilbake og meldte seg innen 24 timer, de slapp å få forlenget straff.",Those who came back within 24 hours didn't receive extended sentences.,,,,,,,,,,,,,,,,,,,,
08:37:11:04,,Fengselsvakt,Prison guard,Nå har vi jo strømbrudd.,Now we have the power failure.,,,,,,,,,,,,,,,,,,,,
08:37:13:23,,Fengselsvakt,Prison guard,Og du kom tilbake for å se hvordan det gikk med meg.,And you came back to see if I was alright.,,,,,,,,,,,,,,,,,,,,
,,,,,,,,,,,,,,,,,,,,,,,,,
08:37:35:22,,Leif,Leif,"Det er fullt havari på alle disse her, så det er bare å glemme. Den her er god, så da er det bare å.. hvis du begynner der, så tar vi dem bare systematisk derifra, så får vi. ","There's a full breakdown of all these here, so just forget them. This one here is fine, so then you just have to...If you start there, then we'll just take them systematically from there.",,,,,,,,,,,,,,,,,,,,
08:37:43:11,,Else,Else,"Ja Leif, hva skjer?","Yes Leif, what's happening?",,,,,,,,,,,,,,,,,,,,
08:37:45:13,,Leif,Leif,"Hei Else, ja, takk for at du kom.","Hi Else, thanks for coming.",,,,,,,,,,,,,,,,,,,,
08:37:59:23,,Leif,Leif,Da har jeg funnet ut av det jeg.,I figured it out.,,,,,,,,,,,,,,,,,,,,
08:37:53:23,,Leif,Leif,"Datavirus, noen som har hacka oss.",A computer virus someone hacked us.,,,,,,,,,,,,,,,,,,,,
08:37:57:11,,Leif,Leif,Kommet seg inn bak brannmuren og lagt igjen en sperre der.,Got in behind the firewall and left a blockage there.,,,,,,,,,,,,,,,,,,,,
08:38:00:03,,Else,Else,Hvem kan det være tror du?,Who do you think it was?,,,,,,,,,,,,,,,,,,,,
08:38:02:13,,Leif,Leif,Det..kommer vi tilbake til.,We'll come back to that.,,,,,,,,,,,,,,,,,,,,
08:38:07:21,,Leif,Leif,"Jeg kommer ihvertfall til å fjerne den sperra nå, sånn at folket her får omdirigert strømmen til de trafostasjonene som ikke ble rammet. ",I'll remove the blockage so that the guys here can reroute the electricity flow to the substations that weren't affected.,,,,,,,,,,,,,,,,,,,,
08:38:15:22,,Leif,Leif,Så får vi slått på lyset i hvertfall i... deler av byen.,"So we'll be able to turn the lights back on, in at least parts of the city. ",,,,,,,,,,,,,,,,,,,,
08:38:21:09,,Leif,Leif,"Ja, eh, eh... ","Yes, eh, eh.. ",,,,,,,,,,,,,,,,,,,,
08:38:23:12,,Leif,Leif,Else..,Else...,,,,,,,,,,,,,,,,,,,,
08:38:26:19,,Leif,Leif,Veit du hva?,You know what?,,,,,,,,,,,,,,,,,,,,
08:38:29:00,,Leif,Leif,"Formelt sett, så er dette her mitt ansvar.",Formally this was my responsibility.,,,,,,,,,,,,,,,,,,,,
08:38:35:14,,Leif,Leif,"Jeg syntes ikke det er riktig at du skal bli syndebukk offentlig, bare fordi du ikke kan noe.","I don't feel it's right that you should be the public scapegoat, just because you're ignorant.",,,,,,,,,,,,,,,,,,,,
08:38:47:18,,Leif,Leif,Jeg kan ta på meg skylda.,I can take the blame.,,,,,,,,,,,,,,,,,,,,
08:38:54:16,,Leif,Leif,Ja..ja..okei.,Yes... yes..ok.,,,,,,,,,,,,,,,,,,,,
08:38:55:12,,Else,Else,"Tusen takk, Leif. ",Thank you very much Leif. ,,,,,,,,,,,,,,,,,,,,
08:38:58:14,,Else,Else,"Veldig bra jobba, Leif!","Great work, Leif!",,,,,,,,,,,,,,,,,,,,
08:38:59:17,,Leif,Leif,"Ja, ok, værsåsnill. ","Yes, OK, please.",,,,,,,,,,,,,,,,,,,,
,,,,,,,,,,,,,,,,,,,,,,,,,
08:39:44:03,,Marit,Marit,Teo?,Teo?,,,,,,,,,,,,,,,,,,,,
08:39:47:20,,Marit,Marit,Teo.,Teo.,,,,,,,,,,,,,,,,,,,,
08:39:48:03,,Teo,Teo,Hei!,Hi!,,,,,,,,,,,,,,,,,,,,
,,,,,,,,,,,,,,,,,,,,,,,,,
08:40:00:05,,Ravn,Ravn,Hallo?,Hello?,,,,,,,,,,,,,,,,,,,,
08:40:01:18,,Ravn,Ravn,Leif?,Leif?,,,,,,,,,,,,,,,,,,,,
08:40:04:20,,Ravn,Ravn,Hvem er det?,Who's there?,,,,,,,,,,,,,,,,,,,,
08:40:15:04,,Vilma,Vilma,Hei.,Hi.,,,,,,,,,,,,,,,,,,,,
08:40:17:10,,Ravn,Ravn,Hei.,Hi.,,,,,,,,,,,,,,,,,,,,
08:40:28:16,,Vilma,Vilma,Unnskyld.,I'm sorry.,,,,,,,,,,,,,,,,,,,,
,,,,,,,,,,,,,,,,,,,,,,,,,
08:41:36:21,,Else,Else,Kjære alle sammen! Dette har vært en tøff og veldig vanskelig tid for byens innbyggere.,Dear all! This has been a very difficult time for the city's residents.,,,,,,,,,,,,,,,,,,,,
08:41:44:06,,Else,Else,"Og nå vet vi hvilket spesifikt ansvarsområde som her sviktet, og jeg gir ordet til Leif Lien.","And now that we know which specific areas failed here, I'll hand you over to Leif Lien.",,,,,,,,,,,,,,,,,,,,
08:41:54:24,,Ida,Ida,Karsten?,Karsten?,,,,,,,,,,,,,,,,,,,,
08:41:57:20,,Ida,Ida,Leif er på TV.,Leif is on TV.,,,,,,,,,,,,,,,,,,,,
08:42:05:23,,Leif,Leif,"Ja, jeg skal få lov til å forklare litt. Eh, forklare litt..","Yes if I could just explain.. eh, explain a little.",,,,,,,,,,,,,,,,,,,,
08:42:10:13,,Journalist #1,Journalist #1,"Unnskyld, er du den samme Leif som åpna en klinikk i et bomberom under Valkyrie plass?","Excuse me, are you the same Leif who opened a clinic in a bomb shelter under Valkyrien square?",,,,,,,,,,,,,,,,,,,,
08:42:17:21,,Else,Else,I så fall har han gjort det helt uten denne etatens godkjennelse.,"If so, he did it without this agency's approval.",,,,,,,,,,,,,,,,,,,,
08:42:21:01,,Leif,Leif,"Men det, men det stemmer det.","But yes, it's.. it's true.",,,,,,,,,,,,,,,,,,,,
08:42:23:12,,Leif,Leif,Jeg har tatt i bruk noen ledige lokaler. ,I used some vacant premises.,,,,,,,,,,,,,,,,,,,,
08:42:25:08,,Journalist #2,Journalist #2,Kan du si litt om hvor mange som har fått behandling der nede?,Can you tell us how many people have been treated down there?,,,,,,,,,,,,,,,,,,,,
08:42:30:10,,Leif,Leif,I klinikken der.. eh...,In the clinic.. eh... ,,,,,,,,,,,,,,,,,,,,
08:42:34:19,,Leif,Leif,100?,100?,,,,,,,,,,,,,,,,,,,,
08:42:36:22,,Leif,Leif,Kanskje.,Maybe.,,,,,,,,,,,,,,,,,,,,
08:42:38:01,,Leif,Leif,"150 da, si det da.",150 I'd say.,,,,,,,,,,,,,,,,,,,,
08:42:40:10,,Journalist #3,Journalist #3,Det er flere som har tipset oss om at dere faktisk har reddet livet til folk der nede. Stemmer det?,"We've received information from many, that you actually saved people's lives down there. Is that right?",,,,,,,,,,,,,,,,,,,,
08:42:45:18,,Leif,Leif,Altså vi har bare tatt..,Well we just took...,,,,,,,,,,,,,,,,,,,,
08:42:49:10,,Leif,Leif,Altså vi har bare gjort det vi kunne med de midlene vi har hatt til rådighet så det er ikke noe. Assa så voldsomt er det faktisk ikke.,Well we just did what we could with the resources we had available. So it's not anything so dramatic actually.,,,,,,,,,,,,,,,,,,,,
08:42:58:13,,Journalist #4,Journalist #4,"Leif, sist du stod her sa du at du hadde advart mot slike strømbrudd tidligere og ikke blitt hørt. ","Leif, the last time you stood here, you said you had warned against power failures like this before, and that you weren't heard. ",,,,,,,,,,,,,,,,,,,,
08:43:05:09,,Journalist #4,Journalist #4,Så hva tenker du nå om det som har skjedd?,"So what do you think now, after all that has happened?",,,,,,,,,,,,,,,,,,,,
08:43:07:06,,Leif,Leif,Jeg tenker at det burde vært unngått. ,I think that this should have been avoided.,,,,,,,,,,,,,,,,,,,,
08:43:10:04,,Leif,Leif,Det er det jeg tenker.,That's what I think.,,,,,,,,,,,,,,,,,,,,
08:43:14:02,,Leif,Leif,Så tenker jeg at når en katastrofe først har skjedd..,"I think, that when disaster strikes...",,,,,,,,,,,,,,,,,,,,
08:43:19:02,,Leif,Leif,Ting er som de er da.,and things are as they are...,,,,,,,,,,,,,,,,,,,,
08:43:21:24,,Leif,Leif,Så må man bare gjøre det beste ut av det.,then you just have to make the best of it...,,,,,,,,,,,,,,,,,,,,
08:43:23:24,,Leif,Leif,"Å være glad for at vi får sjansen til å prøve på ny, for det får vi faktisk nå. Nå har vi den muligheten","and be glad that we get the chance to try again, because that's what we're actually getting now. Now we have that opportunity.",,,,,,,,,,,,,,,,,,,,
08:43:31:16,,Leif,Leif,Og ingenting kommer til å bli som før..,And nothing will be as before...,,,,,,,,,,,,,,,,,,,,
08:43:37:23,,Leif,Leif,Men vi kan ikke gi oss for det.,"But still, we cannot give up.",,,,,,,,,,,,,,,,,,,,
08:43:40:06,,Journalist #5,Journalist #5,Leif! NRK her! Vi vil gjerne se den klinikken der!,Leif! NRK here! We want to see that clinic of yours!,,,,,,,,,,,,,,,,,,,,
08:43:43:02,,Leif,Leif,Takk.,Thank you.,,,,,,,,,,,,,,,,,,,,
08:43:43:07,,Journalist #6,Journalist #6,Kan du si litt om hvem som har ansvaret...,Can you tell us who had the responability...,,,,,,,,,,,,,,,,,,,,
08:44:07:08,,Leif,Leif,Okei.,Ok.,,,,,,,,,,,,,,,,,,,,
,,,,,,,,,,,,,,,,,,,,,,,,,
08:44:22:03,,END ROLLER START,,,,,,,,,,,,,,,,,,,,,,,
08:44:52:02,,END TC,,,,,,,,,,,,,,,,,,,,,,,
